﻿<?xml version="1.0" encoding="utf-8"?>
<HelpTOC>

  <HelpTOCNode Id="48317bbd-18c6-4a4b-ae2c-02b474ac14ea" Title="JRTS.XNA.Console Namespace" Url="html/1ddf5283-b368-1dda-6e2a-5f4c2e24d6dc.htm">
    <HelpTOCNode Id="e8dfe37d-58f9-45fd-b67e-55a78cd9fcd1" Title="CommandConsoleBase Class" Url="html/53b9ba72-a415-81e8-ccc0-3b85bc788225.htm">
      <HelpTOCNode Id="5b489435-e16e-4537-accc-7dfd411eeb37" Title="CommandConsoleBase Constructor " Url="html/b3939726-dfe4-e9dc-64ac-d258d64f5f95.htm">
        <HelpTOCNode Title="CommandConsoleBase Constructor (game)" Url="html/f13c2352-089f-7316-7bb3-dcdb3dcebfcd.htm" />
        <HelpTOCNode Title="CommandConsoleBase Constructor (game, fontToUse)" Url="html/b742c273-9cbd-2bf1-8a8b-aa7277b05bbc.htm" />
      </HelpTOCNode>
      <HelpTOCNode Title="Active Property " Url="html/d8ef6739-3379-d842-f200-710a94b0c30e.htm" />
      <HelpTOCNode Title="AddCommand Method (cmdStruct)" Url="html/b1cb6400-5c74-7d9d-ce7c-54bba9cdc65d.htm" />
      <HelpTOCNode Title="AddCommandToLog Method (text)" Url="html/cddb04cb-b9f5-5b56-300a-a7a579103908.htm" />
      <HelpTOCNode Title="AddErrorToLog Method (text)" Url="html/bba80d0c-8072-aa6a-7d88-7136c6470be6.htm" />
      <HelpTOCNode Title="AddFunction Method (fnStruct)" Url="html/b02e23be-c013-7949-0e5c-3ac962a54fa6.htm" />
      <HelpTOCNode Title="AddOutputToLog Method (text)" Url="html/14d02e74-744e-74af-40f5-c41df0fbcff4.htm" />
      <HelpTOCNode Title="AddToLog Method (text)" Url="html/ce9d0bdc-dde3-5557-9ec2-240e1fe588c5.htm" />
      <HelpTOCNode Title="BreakTextIntoList Method (text, font, rowWidth, scale)" Url="html/226c8fd3-0a1a-d0f7-4aaf-6c5cefcad997.htm" />
      <HelpTOCNode Title="BuildCommandMatches Method (cmdMatch)" Url="html/bb14a3c1-e5d5-2a8e-8d69-f36966252708.htm" />
      <HelpTOCNode Title="CheckBindings Method " Url="html/be10f243-e5c9-04fe-f83d-ad56c3282d2a.htm" />
      <HelpTOCNode Title="CheckInput Method " Url="html/f582d288-7df1-ed0c-2cf0-fec30bf48a18.htm" />
      <HelpTOCNode Title="CommandColor Property " Url="html/8c1af39f-0712-ee3b-469d-02ea23ca6ab6.htm" />
      <HelpTOCNode Title="CommandConsoleBase_ExportState Method (cmdLine)" Url="html/eca22d65-a142-08e6-53a5-5469dfe84f65.htm" />
      <HelpTOCNode Title="CVarModifiedEvent Event" Url="html/b3e42e7e-3c20-1694-2085-9d2c0e11b6d1.htm" />
      <HelpTOCNode Title="Draw Method (gameTime)" Url="html/51306565-7de5-41c3-3c37-8b9af2c4f438.htm" />
      <HelpTOCNode Title="ErrorColor Property " Url="html/fcc4e8a7-0436-7d06-f74d-458b98f7a5c6.htm" />
      <HelpTOCNode Title="ExecuteCommandLine Method (addToHistory)" Url="html/ea8da5da-b833-88eb-916b-b0b72c5baf69.htm" />
      <HelpTOCNode Title="ExecuteFunction Method (fnStruct, parameters)" Url="html/a0aaf394-0010-8166-0625-5be65bc3c25e.htm" />
      <HelpTOCNode Title="FadeColor Property " Url="html/3528baf4-fd3e-f768-0fcd-2fef079d0008.htm" />
      <HelpTOCNode Title="FadeImage Property " Url="html/14a7545f-1c85-b458-a5c6-177393c966bc.htm" />
      <HelpTOCNode Title="Font Property " Url="html/ce891b91-37b2-dd7a-4ee0-85b789690a54.htm" />
      <HelpTOCNode Title="GetObjFromString Method (type, mystring)" Url="html/4d3008a8-6d0b-92ab-21de-72268189a9ce.htm" />
      <HelpTOCNode Title="Height Property " Url="html/5b74539c-a2eb-f79b-6e6e-48686ed90ca7.htm" />
      <HelpTOCNode Title="Initialize Method " Url="html/493d17c7-12ed-4e6d-8419-805df001bae2.htm" />
      <HelpTOCNode Title="InitializeCommands Method " Url="html/ee4554ec-390a-140f-38f6-82d22adba9c0.htm" />
      <HelpTOCNode Title="InitializeCustomCommands Method " Url="html/0d68ed61-47f2-a6f0-0620-a0b3e1b3fd91.htm" />
      <HelpTOCNode Title="InitializeStandardCommands Method " Url="html/f6957e59-80d5-8f24-bfe1-f4cd65e30b3e.htm" />
      <HelpTOCNode Title="Keyboard Property " Url="html/9361f23a-ab4b-136b-4a3d-c5698e719e55.htm" />
      <HelpTOCNode Title="LoadContent Method (content)" Url="html/17a85fde-e576-6b8b-15f5-d0cdb6a50bf6.htm" />
      <HelpTOCNode Title="m_bindingsLocked Field" Url="html/5fdd5020-1901-8980-0564-a61739b830d6.htm" />
      <HelpTOCNode Title="m_cmdHistory Field" Url="html/103e7f75-87c7-5415-840e-aba72c3fa51f.htm" />
      <HelpTOCNode Title="m_cmdHistoryIndex Field" Url="html/cb517138-1438-4a36-a8d5-370073b831e9.htm" />
      <HelpTOCNode Title="m_cmdHistoryLimit Field" Url="html/2ff91989-f413-3b4d-a682-06cf50ad98af.htm" />
      <HelpTOCNode Title="m_cmdHistoryScanIndex Field" Url="html/42b1e729-8113-8026-f929-fb4c33ad51ce.htm" />
      <HelpTOCNode Title="m_cmdMatchIndex Field" Url="html/4cb7fbd3-fe77-b911-f493-cb25eb6f3a64.htm" />
      <HelpTOCNode Title="m_commandLine Field" Url="html/73105d27-4069-90e2-93a8-f54cc2c95957.htm" />
      <HelpTOCNode Title="m_commandPos Field" Url="html/c07545ff-c9c2-e300-492c-0eba4d5b889a.htm" />
      <HelpTOCNode Title="m_commandStringHeightOffset Field" Url="html/45baaa60-0d2f-09b8-19c7-177895cd252d.htm" />
      <HelpTOCNode Title="m_consoleFont Field" Url="html/ad5bd934-a629-0300-4691-5d050d5a1c2d.htm" />
      <HelpTOCNode Title="m_consoleRect Field" Url="html/1da766bd-2d98-0e8a-648f-eb41d84df5ca.htm" />
      <HelpTOCNode Title="m_cVars Field" Url="html/5d940b1d-201f-5a8a-4ed0-3a55f5e5cbdf.htm" />
      <HelpTOCNode Title="m_exfunsLocked Field" Url="html/043351cd-b7a0-c265-d97b-50e6f486eeed.htm" />
      <HelpTOCNode Title="m_functionsLocked Field" Url="html/ebf2e6e2-0474-f2ea-eca8-6a9672da41f7.htm" />
      <HelpTOCNode Title="m_height Field" Url="html/6048d580-2084-57e2-6bca-02275d447aa9.htm" />
      <HelpTOCNode Title="m_keyRepeatTime Field" Url="html/e32b6806-a4e0-647a-9978-ee718ff81717.htm" />
      <HelpTOCNode Title="m_lastCmdMatch Field" Url="html/828c72a0-e135-7cbf-218c-d538d78d43e3.htm" />
      <HelpTOCNode Title="m_linesAbove Field" Url="html/8a9a01ea-caca-8105-b970-33b5ccc6e808.htm" />
      <HelpTOCNode Title="m_linesBelow Field" Url="html/a6825236-ce3f-6f92-2210-ebcf3056f51b.htm" />
      <HelpTOCNode Title="m_linesVisibleOnScreen Field" Url="html/51fc1389-b74e-5f75-df3c-bfc4c4b10e66.htm" />
      <HelpTOCNode Title="m_log Field" Url="html/cdb8f3e8-489d-d34b-788c-24ef032d2934.htm" />
      <HelpTOCNode Title="m_logLimit Field" Url="html/733b4307-0300-ca14-d807-c84e32b32478.htm" />
      <HelpTOCNode Title="m_logShadowEnabled Field" Url="html/a5836e36-d749-b3cb-dc0b-ef8d18857d69.htm" />
      <HelpTOCNode Title="m_logShadowFile Field" Url="html/d83183c8-3e40-36fd-a1af-d88ac9bea27e.htm" />
      <HelpTOCNode Title="m_logShadowFilePath Field" Url="html/4dd5ea2f-984a-c2ba-db8e-d126fe1a950c.htm" />
      <HelpTOCNode Title="m_logStart Field" Url="html/73786c7b-e44d-51af-40c1-5557f0fe10ac.htm" />
      <HelpTOCNode Title="m_scale Field" Url="html/689bdb5c-1f59-9fd2-1311-45c3c7d454ee.htm" />
      <HelpTOCNode Title="m_screenCharWidth Field" Url="html/26cf294d-ac0a-81d1-14e1-d786df422439.htm" />
      <HelpTOCNode Title="m_spriteBatch Field" Url="html/79344e8e-b50e-646e-af46-e12587796f8f.htm" />
      <HelpTOCNode Title="m_stringHeight Field" Url="html/acc285b5-ec5f-188d-387a-b3b81cd85bbc.htm" />
      <HelpTOCNode Title="m_width Field" Url="html/a9ce1e81-f315-9022-26f1-13217ffdd17c.htm" />
      <HelpTOCNode Title="m_xlateAllKeys Field" Url="html/d3db7211-0a29-a3a6-0c43-32a11bfe902c.htm" />
      <HelpTOCNode Title="m_xlateAllKeysShifted Field" Url="html/2b7747b2-a8a1-64ac-0e92-c1ae17ac826b.htm" />
      <HelpTOCNode Title="ms_bindings Field" Url="html/29c23229-4bfe-b18d-7820-2755e8e0685b.htm" />
      <HelpTOCNode Title="ms_commands Field" Url="html/f341dd57-1d01-8a10-a908-72786b4b81ee.htm" />
      <HelpTOCNode Title="ms_externalFunctions Field" Url="html/b6b23143-44b1-f97e-4206-e4bfc3817d71.htm" />
      <HelpTOCNode Title="ms_functions Field" Url="html/7c6f1364-3b5f-733b-a939-be023dce95a4.htm" />
      <HelpTOCNode Title="ms_partialCmdMatches Field" Url="html/d6d83cc3-56e9-07ae-3555-d21117b017b3.htm" />
      <HelpTOCNode Title="NormalColor Property " Url="html/908132c6-809a-6e42-5135-8af5df695a66.htm" />
      <HelpTOCNode Title="OutputColor Property " Url="html/2cb27901-23d1-5cb9-337d-76b8b88cf16a.htm" />
      <HelpTOCNode Title="PreCommandExecutedEvent Event" Url="html/ebd69757-d9f3-2637-577d-e957d2b1fac7.htm" />
      <HelpTOCNode Title="ProcessKey Method (key)" Url="html/2d0f206f-5bf5-162d-dbda-96a60eb71ca7.htm" />
      <HelpTOCNode Title="Prompt Property " Url="html/5620bc49-959e-f96d-3ba1-dee682bf9f12.htm" />
      <HelpTOCNode Title="RecalculateHeightSettings Method " Url="html/7b085018-7217-44af-f5e8-88f6db619c6d.htm" />
      <HelpTOCNode Title="Scale Property " Url="html/fc9e87e2-eb5b-ebea-a33a-52f80766ade9.htm" />
      <HelpTOCNode Title="TryParseDouble Method (value, parsedValue, errorIfParsingFails)" Url="html/0459ea73-0f38-b3ae-5260-57d784ee9c06.htm" />
      <HelpTOCNode Title="TryParseFloat Method (value, parsedValue, errorIfParsingFails)" Url="html/f458db76-6516-e34b-cd83-ab4e92e3c2b8.htm" />
      <HelpTOCNode Title="TryParseInt Method (value, parsedValue, errorIfParsingFails)" Url="html/46f26e84-258b-cc56-1788-79abf95d14c8.htm" />
      <HelpTOCNode Title="Update Method (gameTime)" Url="html/a245d1fc-0ddc-fee7-6d59-8c8444314494.htm" />
      <HelpTOCNode Title="Width Property " Url="html/a69166de-cfff-e79b-cb85-d6ff8190276a.htm" />
    </HelpTOCNode>
    <HelpTOCNode Id="27619a24-0c66-4f63-93bb-37c6b9f8734e" Title="CommandConsoleBase.BindingObject Class" Url="html/2be39ac6-6c66-663e-09ce-0b38734eeefb.htm">
      <HelpTOCNode Title="CommandConsoleBase.BindingObject Constructor " Url="html/ca083c4c-2f60-1745-cc14-41982c51143c.htm" />
      <HelpTOCNode Title="_key Field" Url="html/b75a41a8-5eae-477f-8502-6f40cfa93ee9.htm" />
      <HelpTOCNode Title="_modifierKeys Field" Url="html/1d693c4b-4e74-6e61-e770-9ce9976a45d0.htm" />
      <HelpTOCNode Title="_text Field" Url="html/a9060843-36a9-cc09-8e89-0155fbccdf2e.htm" />
      <HelpTOCNode Title="CompareTo Method (other)" Url="html/9519e0c2-060e-36c2-0bc6-d337a1b6ae03.htm" />
      <HelpTOCNode Title="GetModifierString Method " Url="html/040b69fc-b495-d68d-2110-c1fe27b1c55c.htm" />
      <HelpTOCNode Title="ToString Method " Url="html/c379be6b-09c6-266b-768e-b26a68e8b0ae.htm" />
    </HelpTOCNode>
    <HelpTOCNode Title="CommandConsoleBase.BindingObject.EModifier Enumeration" Url="html/2ddfa773-6e3b-3d81-1d23-91361a1597c1.htm" />
    <HelpTOCNode Id="2704439f-89ba-4629-b386-22646d2923c9" Title="CommandConsoleBase.CmdObject Class" Url="html/f18f33ac-3078-6c19-f743-24d5d5130a33.htm">
      <HelpTOCNode Id="6053c6e2-62e2-4f66-9215-84bdf42c7644" Title="CommandConsoleBase.CmdObject Constructor " Url="html/fa31a926-39d3-d648-3bc6-ee82f42c6586.htm">
        <HelpTOCNode Title="CommandConsoleBase.CmdObject Constructor " Url="html/e801505b-fa6c-1f07-346d-1334504185b3.htm" />
        <HelpTOCNode Title="CommandConsoleBase.CmdObject Constructor (command, help, cmdAction)" Url="html/85363ff8-c639-92f4-dac5-7e320b8fa3e0.htm" />
        <HelpTOCNode Title="CommandConsoleBase.CmdObject Constructor (command, help, cmdAction, isSecret)" Url="html/bd1811dd-61ab-a141-239f-bb7cdfe02070.htm" />
        <HelpTOCNode Title="CommandConsoleBase.CmdObject Constructor (command, help, cmdAction, isSecret, detailedHelp)" Url="html/9e0174fd-1411-bc02-cfc8-f36430f6c549.htm" />
        <HelpTOCNode Title="CommandConsoleBase.CmdObject Constructor (command, help, cmdAction, isSecret, detailedHelp, minParams, maxParams)" Url="html/1796d083-13f4-ba28-75b5-deca88a03d92.htm" />
      </HelpTOCNode>
      <HelpTOCNode Title="CmdEvent Event" Url="html/67d7a865-7d74-f67e-ce59-a5aef49fb792.htm" />
      <HelpTOCNode Title="Command Property " Url="html/1fabdcbe-b656-7148-6626-7b94e51878be.htm" />
      <HelpTOCNode Title="CommandHelp Property " Url="html/079e5030-d121-fb6b-852c-c233ef3eb453.htm" />
      <HelpTOCNode Title="CommandHelpDetailed Property " Url="html/4bd5bd45-bb51-2797-aead-d9f358a2194b.htm" />
      <HelpTOCNode Title="CompareTo Method (other)" Url="html/a76bb9b3-b5ac-a4d6-e8b8-2bccf08949c0.htm" />
      <HelpTOCNode Title="IsSecret Property " Url="html/7821b5de-1549-fb7f-63b4-2ba87244c0c0.htm" />
      <HelpTOCNode Title="MaxParameters Property " Url="html/0b5dcb07-fe15-9bdf-ad66-3e4c11eadd4a.htm" />
      <HelpTOCNode Title="MinParameters Property " Url="html/a6dc98f5-2862-bba0-95e9-0b45b9f3e544.htm" />
      <HelpTOCNode Title="TriggerEvent Method (cmdLine)" Url="html/f6cc2945-5404-50f2-37ab-91279bd961a9.htm" />
    </HelpTOCNode>
    <HelpTOCNode Id="591e44a5-3b97-4a0d-9b16-5104fcf5470a" Title="CommandConsoleBase.CommandConsoleEventArgs Class" Url="html/c0c4bc52-7c28-249b-34a8-32650d5ae9bc.htm">
      <HelpTOCNode Title="CommandConsoleBase.CommandConsoleEventArgs Constructor (cmdLine)" Url="html/7e1dd868-ea01-86e1-9aaf-eb0e9de46caa.htm" />
      <HelpTOCNode Title="CmdLine Property " Url="html/d73d960c-b5a2-5e5b-548a-7270aecf2b1f.htm" />
      <HelpTOCNode Title="Handled Property " Url="html/c69d0218-9c6c-6177-76cf-8fbaa3c75ea6.htm" />
    </HelpTOCNode>
    <HelpTOCNode Id="2091bca5-0958-4f80-bb65-1a24b578f4c3" Title="CommandConsoleBase.CVarModifiedEventArgs Class" Url="html/4e0e3757-71cc-1a67-5eed-ce691a7514a2.htm">
      <HelpTOCNode Title="CommandConsoleBase.CVarModifiedEventArgs Constructor (value)" Url="html/ba76b174-2a3a-4c57-173e-9590ae30b39d.htm" />
      <HelpTOCNode Title="Value Property " Url="html/dbe7f031-5245-5378-3b99-45eaf822ffd3.htm" />
    </HelpTOCNode>
    <HelpTOCNode Id="01b08a9a-a846-49b9-b83a-8f26780730d8" Title="CommandConsoleBase.ExternalFuncObject Class" Url="html/27044d63-636b-1e8b-a269-f6d061164dee.htm">
      <HelpTOCNode Id="f49bc82b-70ab-43a6-b46a-5c2d861d35c9" Title="CommandConsoleBase.ExternalFuncObject Constructor " Url="html/bdfc97f5-c5e5-228e-e4f1-f011abe1cbe4.htm">
        <HelpTOCNode Title="CommandConsoleBase.ExternalFuncObject Constructor (assembly, className, methodName)" Url="html/4bd85869-0717-6abb-ed86-9668c72c67c5.htm" />
        <HelpTOCNode Title="CommandConsoleBase.ExternalFuncObject Constructor (assembly, className, methodName, isSecret)" Url="html/b726338a-0456-bfce-4374-e98b74db39d2.htm" />
      </HelpTOCNode>
      <HelpTOCNode Title="CommandLine Property " Url="html/859b6761-c352-a5a7-19ae-ec49b54024a4.htm" />
      <HelpTOCNode Title="CompareTo Method (other)" Url="html/93b7e899-e32d-e194-294e-f7e1bf577344.htm" />
      <HelpTOCNode Title="Invoke Method (parameters)" Url="html/a922ed65-7124-d8dd-2ec3-ba989923bfb6.htm" />
      <HelpTOCNode Title="IsSecret Property " Url="html/46c59448-ad11-e56c-a85e-eb17dd42717b.htm" />
      <HelpTOCNode Title="m_classInstance Field" Url="html/75657a67-4c2b-13a1-8b53-890a4b175c86.htm" />
      <HelpTOCNode Title="m_method Field" Url="html/0e72ad90-6e03-20a8-2fbf-c7813cacb27e.htm" />
      <HelpTOCNode Title="MethodName Property " Url="html/145e9e53-64de-9c56-41bb-6301eae6903d.htm" />
      <HelpTOCNode Title="ms_classInstances Field" Url="html/25d704b8-0f09-f5a3-26a7-0cfc4e745c25.htm" />
      <HelpTOCNode Title="ToString Method " Url="html/2621c010-b75c-4b26-8c5f-f7ae748d1097.htm" />
    </HelpTOCNode>
    <HelpTOCNode Id="49f7b3a5-7ad7-43ee-b498-f5f6ff1b3b89" Title="CommandConsoleBase.FuncObject Class" Url="html/11855cb6-8966-c094-ecdb-1ed613d7565f.htm">
      <HelpTOCNode Title="CommandConsoleBase.FuncObject Constructor (funcName, funcImpl)" Url="html/8d296474-9d00-9fd5-781c-bb2c4ae4466d.htm" />
      <HelpTOCNode Title="CompareTo Method (other)" Url="html/de8db18c-309d-c563-8c2f-78d147eae393.htm" />
      <HelpTOCNode Title="Function Property " Url="html/3b88077d-c97e-b427-7930-3a611a2c548d.htm" />
      <HelpTOCNode Title="FunctionImpl Property " Url="html/7b047cef-93fa-3acf-db6e-757fbd95e36c.htm" />
      <HelpTOCNode Title="IsSecret Property " Url="html/b16b25d6-5efd-4ab7-73f0-2beb6fade2f7.htm" />
      <HelpTOCNode Title="ToString Method " Url="html/d82e2981-b117-9c9b-a468-e017f1f9c77a.htm" />
    </HelpTOCNode>
  </HelpTOCNode>
  <HelpTOCNode Id="29eaae0b-c694-497c-8d34-72631fb4d56d" Title="JRTS.XNA.Console.BaseTypes Namespace" Url="html/20de5e13-5f48-bab4-3d46-23fde64673e4.htm">
    <HelpTOCNode Id="d2fc76df-9195-4c45-9ff3-5944a74b7f36" Title="CVar Class" Url="html/bf6b78f7-32c0-da18-3740-1960ba9ec4a6.htm">
      <HelpTOCNode Id="99e2d700-f70a-420b-97da-c768bfa44c94" Title="CVar Constructor " Url="html/c9931003-0980-12a8-efda-debb1f27609b.htm">
        <HelpTOCNode Title="CVar Constructor (name)" Url="html/dfb63be6-3666-32c9-b186-adfda02fa3c6.htm" />
        <HelpTOCNode Title="CVar Constructor (name, value)" Url="html/ca7fd5b7-1bd4-06e3-2150-2dcea9a0cad1.htm" />
      </HelpTOCNode>
      <HelpTOCNode Title="GetHashCode Method " Url="html/b9df42db-94f4-2ae8-0a26-e5164fb27701.htm" />
      <HelpTOCNode Title="m_name Field" Url="html/26c5231a-7c35-817e-e6ad-47521e4d296c.htm" />
      <HelpTOCNode Title="m_value Field" Url="html/33696286-941e-35e3-a900-785770369f1f.htm" />
      <HelpTOCNode Title="Name Property " Url="html/3ba4bd03-7eee-499a-bc0b-ae842cb7657d.htm" />
      <HelpTOCNode Title="ToString Method " Url="html/c9e77cbe-9867-517b-fdb1-cdd8e711cd8a.htm" />
      <HelpTOCNode Title="Value Property " Url="html/33ca39e0-65cf-1baa-927e-62465b8eaa84.htm" />
      <HelpTOCNode Title="ValueType Property " Url="html/36e12793-821a-dbb3-92eb-515d971e2c5d.htm" />
    </HelpTOCNode>
    <HelpTOCNode Id="b7ca6feb-41e3-41c4-ba24-a6e418ce92b7" Title="IConsoleKeyboard Interface" Url="html/7b7d05fa-7cd0-f737-b388-a132a0ccc7f2.htm">
      <HelpTOCNode Title="CurrentKeyboardState Property " Url="html/700225b4-9936-9d34-97b8-413d70ba968f.htm" />
      <HelpTOCNode Title="HeldKeys Property " Url="html/5b10411f-9a06-398f-edd2-7ece633ed26d.htm" />
      <HelpTOCNode Title="NewlyPressedKeys Property " Url="html/27168f53-c3ea-61b1-86f7-9bc5ea5f7957.htm" />
    </HelpTOCNode>
  </HelpTOCNode>
</HelpTOC>
